package_id,test_id,notes
40fa970a-65e4-4d3a-9f07-37a6a55bfbd2,a47eeab2-1c1b-4d2a-9718-247745dcb0b8, none
40fa970a-65e4-4d3a-9f07-37a6a55bfbd2,b351689e-66d2-49ae-a391-5ab42bd09efa, none
40fa970a-65e4-4d3a-9f07-37a6a55bfbd2,4068a2fb-fd4b-4201-a6b8-8e9dfe11b9d8, none
40fa970a-65e4-4d3a-9f07-37a6a55bfbd2,7ccfa476-cb28-4fba-b217-c802ac3897d3, none
40fa970a-65e4-4d3a-9f07-37a6a55bfbd2,b18a5108-f264-494e-9c16-9917784ce00a, none
40fa970a-65e4-4d3a-9f07-37a6a55bfbd2,cde488ba-366f-4653-b113-8cb39bf4e0ca, none
40fa970a-65e4-4d3a-9f07-37a6a55bfbd2,bd20dc6a-32cc-446a-8481-2fc551585bc4, none
40fa970a-65e4-4d3a-9f07-37a6a55bfbd2,c423ea96-3ba8-4d8b-8080-5c288d82604c, none
40fa970a-65e4-4d3a-9f07-37a6a55bfbd2,d124022b-847b-41cc-824e-7f743e25fbf6, none
40fa970a-65e4-4d3a-9f07-37a6a55bfbd2,2a07b67d-75c8-41d8-af81-15a90cc222b5, none
40fa970a-65e4-4d3a-9f07-37a6a55bfbd2,bf007d68-457b-4089-ac69-d83ced19d742, none
a377fb28-627b-4809-a7a8-e11b9c1ffd49,a47eeab2-1c1b-4d2a-9718-247745dcb0b8, none
a377fb28-627b-4809-a7a8-e11b9c1ffd49,bf007d68-457b-4089-ac69-d83ced19d742, none
a377fb28-627b-4809-a7a8-e11b9c1ffd49,b351689e-66d2-49ae-a391-5ab42bd09efa, none
a377fb28-627b-4809-a7a8-e11b9c1ffd49,4068a2fb-fd4b-4201-a6b8-8e9dfe11b9d8, none
a377fb28-627b-4809-a7a8-e11b9c1ffd49,f1e1a021-5adf-46ed-88d1-e224a1d8601e, none
a377fb28-627b-4809-a7a8-e11b9c1ffd49,d124022b-847b-41cc-824e-7f743e25fbf6, none
d36dd400-c1d8-40b4-ba68-ef91cfafe1fe,a47eeab2-1c1b-4d2a-9718-247745dcb0b8, none
d36dd400-c1d8-40b4-ba68-ef91cfafe1fe,bf007d68-457b-4089-ac69-d83ced19d742, none
d36dd400-c1d8-40b4-ba68-ef91cfafe1fe,b351689e-66d2-49ae-a391-5ab42bd09efa, none
d36dd400-c1d8-40b4-ba68-ef91cfafe1fe,4068a2fb-fd4b-4201-a6b8-8e9dfe11b9d8, none
d36dd400-c1d8-40b4-ba68-ef91cfafe1fe,5587ff1d-51f0-4237-8ab0-b89c5af7147b, none
d36dd400-c1d8-40b4-ba68-ef91cfafe1fe,a747b497-cee6-450d-8491-17050e67b599, none
d36dd400-c1d8-40b4-ba68-ef91cfafe1fe,26f8bc42-563a-4b9c-b039-e8435d5fe219, none
d36dd400-c1d8-40b4-ba68-ef91cfafe1fe,f1e1a021-5adf-46ed-88d1-e224a1d8601e, none
d36dd400-c1d8-40b4-ba68-ef91cfafe1fe,5cc07273-70d7-47e6-a209-42ed76a5b7a9, none
d36dd400-c1d8-40b4-ba68-ef91cfafe1fe,bd20dc6a-32cc-446a-8481-2fc551585bc4, none
d36dd400-c1d8-40b4-ba68-ef91cfafe1fe,d124022b-847b-41cc-824e-7f743e25fbf6, none
b2ddf7d7-3df5-47f7-af00-55c056c74b01,a47eeab2-1c1b-4d2a-9718-247745dcb0b8, none
b2ddf7d7-3df5-47f7-af00-55c056c74b01,bf007d68-457b-4089-ac69-d83ced19d742, none
b2ddf7d7-3df5-47f7-af00-55c056c74b01,b351689e-66d2-49ae-a391-5ab42bd09efa, none
b2ddf7d7-3df5-47f7-af00-55c056c74b01,4068a2fb-fd4b-4201-a6b8-8e9dfe11b9d8, none
b2ddf7d7-3df5-47f7-af00-55c056c74b01,f1e1a021-5adf-46ed-88d1-e224a1d8601e, none
b2ddf7d7-3df5-47f7-af00-55c056c74b01,227d06e4-c235-4e5c-8a79-2dc3b2ea7b2e, none
b2ddf7d7-3df5-47f7-af00-55c056c74b01,bd20dc6a-32cc-446a-8481-2fc551585bc4, none
9540e3af-f364-4816-a6f2-306694353bf7,a47eeab2-1c1b-4d2a-9718-247745dcb0b8,
9540e3af-f364-4816-a6f2-306694353bf7,bf007d68-457b-4089-ac69-d83ced19d742,
9540e3af-f364-4816-a6f2-306694353bf7,b351689e-66d2-49ae-a391-5ab42bd09efa,
9540e3af-f364-4816-a6f2-306694353bf7,4068a2fb-fd4b-4201-a6b8-8e9dfe11b9d8,
9540e3af-f364-4816-a6f2-306694353bf7,7ccfa476-cb28-4fba-b217-c802ac3897d3, 
9540e3af-f364-4816-a6f2-306694353bf7,b18a5108-f264-494e-9c16-9917784ce00a, 
9540e3af-f364-4816-a6f2-306694353bf7,26f8bc42-563a-4b9c-b039-e8435d5fe219,
9540e3af-f364-4816-a6f2-306694353bf7,bd20dc6a-32cc-446a-8481-2fc551585bc4,
9540e3af-f364-4816-a6f2-306694353bf7,cde488ba-366f-4653-b113-8cb39bf4e0ca,
9540e3af-f364-4816-a6f2-306694353bf7,d124022b-847b-41cc-824e-7f743e25fbf6,
9540e3af-f364-4816-a6f2-306694353bf7,c423ea96-3ba8-4d8b-8080-5c288d82604c,
9540e3af-f364-4816-a6f2-306694353bf7,2a07b67d-75c8-41d8-af81-15a90cc222b5,
99f5e2db-052c-429a-8f24-395cf00fa992,a47eeab2-1c1b-4d2a-9718-247745dcb0b8,
99f5e2db-052c-429a-8f24-395cf00fa992,bf007d68-457b-4089-ac69-d83ced19d742,
99f5e2db-052c-429a-8f24-395cf00fa992,4068a2fb-fd4b-4201-a6b8-8e9dfe11b9d8,
99f5e2db-052c-429a-8f24-395cf00fa992,5587ff1d-51f0-4237-8ab0-b89c5af7147b, none
99f5e2db-052c-429a-8f24-395cf00fa992,a747b497-cee6-450d-8491-17050e67b599, none
99f5e2db-052c-429a-8f24-395cf00fa992,f1e1a021-5adf-46ed-88d1-e224a1d8601e,
99f5e2db-052c-429a-8f24-395cf00fa992,5cc07273-70d7-47e6-a209-42ed76a5b7a9,
99f5e2db-052c-429a-8f24-395cf00fa992,39d491f1-5558-4305-846c-0e6ed71a31bc,
99f5e2db-052c-429a-8f24-395cf00fa992,cde488ba-366f-4653-b113-8cb39bf4e0ca,
99f5e2db-052c-429a-8f24-395cf00fa992,d124022b-847b-41cc-824e-7f743e25fbf6,
99f5e2db-052c-429a-8f24-395cf00fa992,2a07b67d-75c8-41d8-af81-15a90cc222b5, for men
99f5e2db-052c-429a-8f24-395cf00fa992,227d06e4-c235-4e5c-8a79-2dc3b2ea7b2e,
df55e858-d6f9-4aeb-acd4-b2505cda2996,a47eeab2-1c1b-4d2a-9718-247745dcb0b8,
df55e858-d6f9-4aeb-acd4-b2505cda2996,bf007d68-457b-4089-ac69-d83ced19d742,
df55e858-d6f9-4aeb-acd4-b2505cda2996,b351689e-66d2-49ae-a391-5ab42bd09efa,
df55e858-d6f9-4aeb-acd4-b2505cda2996,4068a2fb-fd4b-4201-a6b8-8e9dfe11b9d8,
df55e858-d6f9-4aeb-acd4-b2505cda2996,5587ff1d-51f0-4237-8ab0-b89c5af7147b,
df55e858-d6f9-4aeb-acd4-b2505cda2996,a747b497-cee6-450d-8491-17050e67b599,
df55e858-d6f9-4aeb-acd4-b2505cda2996,26f8bc42-563a-4b9c-b039-e8435d5fe219,
df55e858-d6f9-4aeb-acd4-b2505cda2996,f1e1a021-5adf-46ed-88d1-e224a1d8601e, none
df55e858-d6f9-4aeb-acd4-b2505cda2996,5cc07273-70d7-47e6-a209-42ed76a5b7a9,
df55e858-d6f9-4aeb-acd4-b2505cda2996,bd20dc6a-32cc-446a-8481-2fc551585bc4,
df55e858-d6f9-4aeb-acd4-b2505cda2996,d124022b-847b-41cc-824e-7f743e25fbf6,
3ce83951-5e0b-4a05-940a-ebeaa71c9c0a,b351689e-66d2-49ae-a391-5ab42bd09efa,
3ce83951-5e0b-4a05-940a-ebeaa71c9c0a,cde488ba-366f-4653-b113-8cb39bf4e0ca,
3ce83951-5e0b-4a05-940a-ebeaa71c9c0a,4068a2fb-fd4b-4201-a6b8-8e9dfe11b9d8,
3ce83951-5e0b-4a05-940a-ebeaa71c9c0a,b18a5108-f264-494e-9c16-9917784ce00a,
3ce83951-5e0b-4a05-940a-ebeaa71c9c0a,c73ecbde-dc85-4745-bd31-8273da48036d,
3ce83951-5e0b-4a05-940a-ebeaa71c9c0a,d124022b-847b-41cc-824e-7f743e25fbf6,
3ce83951-5e0b-4a05-940a-ebeaa71c9c0a,26f8bc42-563a-4b9c-b039-e8435d5fe219,
3ce83951-5e0b-4a05-940a-ebeaa71c9c0a,c423ea96-3ba8-4d8b-8080-5c288d82604c,
3ce83951-5e0b-4a05-940a-ebeaa71c9c0a,227d06e4-c235-4e5c-8a79-2dc3b2ea7b2e,
0b5ad127-02b3-408e-bcc2-85c6d2e97678,a47eeab2-1c1b-4d2a-9718-247745dcb0b8,
0b5ad127-02b3-408e-bcc2-85c6d2e97678,bf007d68-457b-4089-ac69-d83ced19d742,
0b5ad127-02b3-408e-bcc2-85c6d2e97678,b351689e-66d2-49ae-a391-5ab42bd09efa,
0b5ad127-02b3-408e-bcc2-85c6d2e97678,4068a2fb-fd4b-4201-a6b8-8e9dfe11b9d8,
0b5ad127-02b3-408e-bcc2-85c6d2e97678,5587ff1d-51f0-4237-8ab0-b89c5af7147b,
0b5ad127-02b3-408e-bcc2-85c6d2e97678,c423ea96-3ba8-4d8b-8080-5c288d82604c,
0b5ad127-02b3-408e-bcc2-85c6d2e97678,a747b497-cee6-450d-8491-17050e67b599,
0b5ad127-02b3-408e-bcc2-85c6d2e97678,26f8bc42-563a-4b9c-b039-e8435d5fe219,
0b5ad127-02b3-408e-bcc2-85c6d2e97678,f1e1a021-5adf-46ed-88d1-e224a1d8601e,
0b5ad127-02b3-408e-bcc2-85c6d2e97678,bd20dc6a-32cc-446a-8481-2fc551585bc4,
0b5ad127-02b3-408e-bcc2-85c6d2e97678,cde488ba-366f-4653-b113-8cb39bf4e0ca, 
0b5ad127-02b3-408e-bcc2-85c6d2e97678,d124022b-847b-41cc-824e-7f743e25fbf6,
